run_id,metrics.accuracy,metrics.precision,metrics.recall,metrics.f1,metrics.roc_auc
ce598990b11841b282d72a982737a67c,0.8163265306122449,0.6965811965811965,0.5451505016722408,0.6116322701688556,0.8481451860468875
7e4a8d4d84d2468d90fa914b3b59f6eb,0.8163265306122449,0.6965811965811965,0.5451505016722408,0.6116322701688556,0.8481451860468875
2e5e61a0ee704b91857e08b68d114eb0,0.8163265306122449,0.6965811965811965,0.5451505016722408,0.6116322701688556,0.8481451860468875
5079a47e187845f99483f699ff4691c9,0.8163265306122449,0.6965811965811965,0.5451505016722408,0.6116322701688556,0.8481451860468875
072758b70903445d86f8238821096ca0,0.8092280390417036,0.6981132075471698,0.49498327759197325,0.5792563600782779,0.852240964244745
0a0773451835491baef76fb41782ac7a,0.8092280390417036,0.6981132075471698,0.49498327759197325,0.5792563600782779,0.852240964244745
5dccaaca99ec452c81e1f0244ad60d84,0.8092280390417036,0.6981132075471698,0.49498327759197325,0.5792563600782779,0.852240964244745
4474737cbf25436db0706c9b5cd413c2,0.7959183673469388,0.6604651162790698,0.47491638795986624,0.5525291828793775,0.8262404472234339
63986d1d777d4d8a97ad128027b49c20,0.7959183673469388,0.6604651162790698,0.47491638795986624,0.5525291828793775,0.8262404472234339
31838850a575440b955f77915c98460d,0.7959183673469388,0.6604651162790698,0.47491638795986624,0.5525291828793775,0.8262404472234339
